sourcesiteid,PEAK_uplinkbitbuffer(%),PEAK_uplinkbytebuffer(%),PEAK_uplinkflowbuffer(%),uplinkcostbuffer(%),PEAK_uplinkbitbuffer,PEAK_uplinkbytebuffer,PEAK_uplinkflowbuffer,uplinkcostbuffer
ATLANTAGAWDC,69.5012945067,69.5012945067,50.0355476428,68.7369741599,27733333866.7,1.04000002e+12,33500000.0,74.9
HOUSTON2TXWDC,17.7762927594,17.7762927594,49.438108268,18.9049621855,7093333520.0,266000007000.0,33100000.0,20.6
NASHVILLE2TNWDC,12.630524005,12.630524005,0.0722901643556,12.2974025867,5040000213.33,189000008000.0,48400.0,13.4
KANSASCITYMOWDC,0.0728427014956,0.0728427014956,0.325604459287,0.0462529171917,29066666.6667,1090000000.0,218000.0,0.0504
FTWORTH1TXWDC,0.0190460274553,0.0190460274553,0.12844946559,0.0144081507919,7600000.0,285000000.0,86000.0,0.0157
Total,100,100,100,100,39903334266.7,1.496375035e+12,66952400.0,108.9661