transitsite,AGGR_totalbitbuffer(%),AGGR_totalByteBuffer(%),AGGR_totalflowbuffer(%),totalcostbuffer(%),AGGR_uplinkbytebuffer(%),AGGR_downlinkbytebuffer(%),AGGR_totalbitbuffer,AGGR_totalByteBuffer,AGGR_totalflowbuffer,totalcostbuffer,AGGR_uplinkbytebuffer,AGGR_downlinkbytebuffer
NORCROSSGASATSITE;2,99.6973116736,99.6973116736,0.477688143383,99.6966054942,99.7072447968,99.6009837638,13934666.6667,6270600000.0,806.5,0.1158,5685000000.0,585600000.0
NORCROSSGASATSITE;2,0.302688326419,0.302688326419,99.5223118566,0.303394505839,0.292755203192,0.399016236185,42306.6666667,19038000.0,168027.5,0.0003524,16692000.0,2346000.0
Total,100,100,100,100,100,100,13976973.3333,6289638000.0,168834.0,0.1161524,5701692000.0,587946000.0