transitsite,PEAK_totalbitbuffer(%),PEAK_totalByteBuffer(%),PEAK_totalflowbuffer(%),totalcostbuffer(%),PEAK_uplinkbytebuffer(%),PEAK_downlinkbytebuffer(%),PEAK_totalbitbuffer,PEAK_totalByteBuffer,PEAK_totalflowbuffer,totalcostbuffer,PEAK_uplinkbytebuffer,PEAK_downlinkbytebuffer
NORCROSSGASATSITE;2,99.7570682793,99.7570682793,0.403053724691,99.6966054942,99.7672487398,99.6796012816,25733333.3333,965000000.0,85.0,0.1158,853000000.0,112000000.0
NORCROSSGASATSITE;2,0.24293172068,0.24293172068,99.5969462753,0.303394505839,0.232751260249,0.320398718405,62666.6666667,2350000.0,21004.0,0.0003524,1990000.0,360000.0
Total,100,100,100,100,100,100,25796000.0,967350000.0,21089.0,0.1161524,854990000.0,112360000.0