transitsite,PEAK_uplinkbitbuffer(%),PEAK_uplinkbytebuffer(%),PEAK_uplinkflowbuffer(%),uplinkcostbuffer(%),PEAK_uplinkbitbuffer,PEAK_uplinkbytebuffer,PEAK_uplinkflowbuffer,uplinkcostbuffer
NORCROSSGASATSITE;2,99.7672487398,99.7672487398,0.362963490143,99.7065777854,22746666.6667,853000000.0,76.5,0.105
NORCROSSGASATSITE;2,0.232751260249,0.232751260249,99.6370365099,0.293422214626,53066.6666667,1990000.0,21000.0,0.000309
Total,100,100,100,100,22799733.3333,854990000.0,21076.5,0.105309