nfnameid,AGGR_totalbitbuffer(%),AGGR_totalByteBuffer(%),AGGR_totalflowbuffer(%),totalcostbuffer(%),AGGR_uplinkbytebuffer(%),AGGR_downlinkbytebuffer(%),AGGR_totalbitbuffer,AGGR_totalByteBuffer,AGGR_totalflowbuffer,totalcostbuffer,AGGR_uplinkbytebuffer,AGGR_downlinkbytebuffer
UNKNOWN,67.7519980427,67.7519980427,68.4931506849,67.7270225647,74.4031702052,56.2885224055,73846.6666667,33231000.0,675.0,0.00030765,23094000.0,10137000.0
SGi,32.2480019573,32.2480019573,31.5068493151,32.2729774353,25.5968297948,43.7114775945,35148.8888889,15817000.0,310.5,0.0001466,7945000.0,7872000.0
Total,100,100,100,100,100,100,108995.555556,49048000.0,985.5,0.00045425,31039000.0,18009000.0