nfnameid,AGGR_uplinkbitbuffer(%),AGGR_uplinkbytebuffer(%),AGGR_uplinkflowbuffer(%),AGGR_uplinkcostbuffer(%),AGGR_uplinkbitbuffer,AGGR_uplinkbytebuffer,AGGR_uplinkflowbuffer,AGGR_uplinkcostbuffer
UNKNOWN,74.4031702052,74.4031702052,75.3623188406,74.3973284169,51320.0,23094000.0,468.0,0.00021387
SGi,25.5968297948,25.5968297948,24.6376811594,25.6026715831,17655.5555556,7945000.0,153.0,7.36e-05
Total,100,100,100,100,68975.5555556,31039000.0,621.0,0.00028747