nfnameid,PEAK_uplinkbitbuffer(%),PEAK_uplinkbytebuffer(%),PEAK_uplinkflowbuffer(%),AGGR_uplinkcostbuffer(%),PEAK_uplinkbitbuffer,PEAK_uplinkbytebuffer,PEAK_uplinkflowbuffer,AGGR_uplinkcostbuffer
UNKNOWN,81.095890411,81.095890411,81.8181818182,74.3973284169,157866.666667,5920000.0,121.5,0.00021387
SGi,18.904109589,18.904109589,18.1818181818,25.6026715831,36800.0,1380000.0,27.0,7.36e-05
Total,100,100,100,100,194666.666667,7300000.0,148.5,0.00028747