nfnameid,PEAK_totalbitbuffer(%),PEAK_totalByteBuffer(%),PEAK_totalflowbuffer(%),totalcostbuffer(%),PEAK_uplinkbytebuffer(%),PEAK_downlinkbytebuffer(%),PEAK_totalbitbuffer,PEAK_totalByteBuffer,PEAK_totalflowbuffer,totalcostbuffer,PEAK_uplinkbytebuffer,PEAK_downlinkbytebuffer
UNKNOWN,75.350162222,75.350162222,76.3636363636,67.7270225647,81.095890411,67.4910998688,253920.0,9522000.0,189.0,0.00030765,5920000.0,3602000.0
SGi,24.649837778,24.649837778,23.6363636364,32.2729774353,18.904109589,32.5089001312,83066.6666667,3115000.0,58.5,0.0001466,1380000.0,1735000.0
Total,100,100,100,100,100,100,336986.666667,12637000.0,247.5,0.00045425,7300000.0,5337000.0