sourcesiteid,AGGR_totalByteBuffer(%),AGGR_totalflowbuffer(%),AGGR_uplinkbytebuffer(%),AGGR_downlinkbytebuffer(%),AGGR_totalByteBuffer,AGGR_totalflowbuffer,AGGR_uplinkbytebuffer,AGGR_downlinkbytebuffer
10.102.214.162,73.6365936886,72.3662505536,33.583855717,99.9999982801,5.45251021504e+15,1.0535704e+11,9.8710010752e+14,4.46541010752e+15
10.185.51.130,26.3634063114,27.6337494464,66.416144283,1.7198867927e-06,1.9521101536e+15,40231600000.0,1.9521100768e+15,76800000.0
Total,100,100,100,100,7.40462036864e+15,1.4558864e+11,2.93921018432e+15,4.46541018432e+15