sourcesiteid,AGGR_totalByteBuffer(%),AGGR_totalflowbuffer(%),AGGR_uplinkbytebuffer(%),AGGR_downlinkbytebuffer(%),AGGR_totalByteBuffer,AGGR_totalflowbuffer,AGGR_uplinkbytebuffer,AGGR_downlinkbytebuffer
10.102.214.162,36.7109617297,36.1728744395,16.7447003365,49.8675223435,5.42461021504e+15,1.0528704e+11,9.8280010752e+14,4.44181010752e+15
10.102.214.162,36.8997745276,36.1969239446,16.8179626519,50.132475932,5.45251021504e+15,1.0535704e+11,9.8710010752e+14,4.46541010752e+15
10.185.51.130,13.1783899102,13.8080577386,33.1777779111,8.62221847237e-07,1.9473101536e+15,40190600000.0,1.9473100768e+15,76800000.0
10.185.51.130,13.2108738324,13.8221438773,33.2595591004,8.62221847237e-07,1.9521101536e+15,40231600000.0,1.9521100768e+15,76800000.0
Total,100,100,100,100,1.47765407373e+16,2.9106628e+11,5.86932036864e+15,8.90722036864e+15