sourcesiteid,downlinkbytebuffer(%),downlinkflowbuffer(%),downlinkcostbuffer(%),downlinkbytebuffer,downlinkflowbuffer,downlinkcostbuffer
10.185.51.130,1.31981422691e-05,0.684199273038,41.6666666667,76800000.0,76800000.0,76800000.0
10.102.214.162,99.9999868019,99.315800727,58.3333333333,5.819e+14,11148000000.0,107520000.0
Total,100,100,100,5.819000768e+14,11224800000.0,184320000.0