sourcesiteid,PEAK_uplinkbytebuffer(%),PEAK_uplinkflowbuffer(%),uplinkcostbuffer(%),PEAK_uplinkbytebuffer,PEAK_uplinkflowbuffer,uplinkcostbuffer
10.185.51.130,66.100795756,71.1252653928,41.6666666667,2.492e+14,5025000000.0,76800000.0
10.102.214.162,33.899204244,28.8747346072,58.3333333333,1.278e+14,2040000000.0,107520000.0
Total,100,100,100,3.77e+14,7065000000.0,184320000.0