vrfid,PEAK_uplinkbytebuffer(%),PEAK_uplinkflowbuffer(%),uplinkcostbuffer(%),PEAK_uplinkbytebuffer,PEAK_uplinkflowbuffer,uplinkcostbuffer
2,99.8733659375,99.9424234494,99.9094182548,3.431060196e+11,28641.0,50.084758051
19,0.126634062463,0.0575765506412,0.0905817452256,435040000.0,16.5,0.04540878
Total,100,100,100,3.435410596e+11,28657.5,50.130166831